"lang_cd","race_cd","count","lang_count","pct"
"AAR","AIAN",3,296,1.01
"AAR","API",25,296,8.45
"AAR","BLCK",59,296,19.93
"AAR","HISP",1,296,0.34
"AAR","UNK",64,296,21.62
"AAR","WHT",144,296,48.65
"ABK","AIAN",83,3360,2.47
"ABK","API",7,3360,0.21
"ABK","BLCK",50,3360,1.49
"ABK","HISP",134,3360,3.99
"ABK","WHT",3086,3360,91.85
"ACE","AIAN",3,3,100
"ACH","API",1,285,0.35
"ACH","BLCK",274,285,96.14
"ACH","WHT",10,285,3.51
"ADY","AIAN",4,4,100
"AFA","AIAN",14,80,17.5
"AFA","API",4,80,5
"AFA","BLCK",31,80,38.75
"AFA","UNK",10,80,12.5
"AFA","WHT",21,80,26.25
"AFH","API",89,112,79.46
"AFH","BLCK",23,112,20.54
"AFR","AIAN",40,694,5.76
"AFR","API",25,694,3.6
"AFR","BLCK",323,694,46.54
"AFR","HISP",46,694,6.63
"AFR","UNK",109,694,15.71
"AFR","WHT",151,694,21.76
"AKA","API",317,357,88.8
"AKA","BLCK",15,357,4.2
"AKA","UNK",19,357,5.32
"AKA","WHT",6,357,1.68
"AKK","AIAN",11,24,45.83
"AKK","API",2,24,8.33
"AKK","WHT",11,24,45.83
"ALB","AIAN",478,9135,5.23
"ALB","API",218,9135,2.39
"ALB","BLCK",126,9135,1.38
"ALB","HISP",305,9135,3.34
"ALB","WHT",8008,9135,87.66
"ALE","AIAN",31,31,100
"ALG","AIAN",28,28,100
"AMH","AIAN",249,14090,1.77
"AMH","API",136,14090,0.97
"AMH","BLCK",13232,14090,93.91
"AMH","HISP",172,14090,1.22
"AMH","WHT",301,14090,2.14
"ANG","BLCK",15,24,62.5
"ANG","UNK",1,24,4.17
"ANG","WHT",8,24,33.33
"APA","AIAN",364,364,100
"ARA","AIAN",11725,265613,4.41
"ARA","API",24657,265613,9.28
"ARA","BLCK",15311,265613,5.76
"ARA","HISP",3554,265613,1.34
"ARA","UNK",98126,265613,36.94
"ARA","WHT",112240,265613,42.26
"ARC","BLCK",1,1,100
"ARG","AIAN",1,1,100
"ARM","AIAN",180,184095,0.1
"ARM","API",3143,184095,1.71
"ARM","BLCK",1418,184095,0.77
"ARM","HISP",4684,184095,2.54
"ARM","WHT",174670,184095,94.88
"ASM","API",45,55,81.82
"ASM","BLCK",10,55,18.18
"ATH","AIAN",8,8,100
"AYM","BLCK",1,1,100
"AZE","API",2,61,3.28
"AZE","BLCK",1,61,1.64
"AZE","HISP",1,61,1.64
"AZE","WHT",57,61,93.44
"BAK","UNK",2,2,100
"BAM","API",1,7,14.29
"BAM","BLCK",6,7,85.71
"BAN","AIAN",1,2,50
"BAN","API",1,2,50
"BAQ","AIAN",1,299,0.33
"BAQ","API",280,299,93.65
"BAQ","UNK",13,299,4.35
"BAQ","WHT",5,299,1.67
"BAS","WHT",3,3,100
"BEL","AIAN",4,22,18.18
"BEL","API",2,22,9.09
"BEL","UNK",4,22,18.18
"BEL","WHT",12,22,54.55
"BEM","BLCK",1,1,100
"BEN","AIAN",2156,29010,7.43
"BEN","API",24089,29010,83.04
"BEN","BLCK",930,29010,3.21
"BEN","HISP",733,29010,2.53
"BEN","WHT",1102,29010,3.8
"BER","WHT",2,2,100
"BIH","API",8,10,80
"BIH","WHT",2,10,20
"BIN","AIAN",2,16,12.5
"BIN","BLCK",8,16,50
"BIN","WHT",6,16,37.5
"BIS","BLCK",6,28,21.43
"BIS","UNK",19,28,67.86
"BIS","WHT",3,28,10.71
"BLA","BLCK",1,5,20
"BLA","WHT",4,5,80
"BNT","API",10,341,2.93
"BNT","BLCK",316,341,92.67
"BNT","WHT",15,341,4.4
"BOS","AIAN",61,3799,1.61
"BOS","API",43,3799,1.13
"BOS","BLCK",41,3799,1.08
"BOS","HISP",281,3799,7.4
"BOS","WHT",3373,3799,88.79
"BRA","BLCK",2,4,50
"BRA","HISP",1,4,25
"BRA","UNK",1,4,25
"BUL","AIAN",21,428,4.91
"BUL","API",31,428,7.24
"BUL","BLCK",4,428,0.93
"BUL","HISP",20,428,4.67
"BUL","WHT",352,428,82.24
"BUR","AIAN",181,33525,0.54
"BUR","API",30339,33525,90.5
"BUR","BLCK",124,33525,0.37
"BUR","HISP",526,33525,1.57
"BUR","WHT",2355,33525,7.02
"CAD","API",1,1,100
"CAI","AIAN",1074,1074,100
"CAT","API",2,20,10
"CAT","UNK",17,20,85
"CAT","WHT",1,20,5
"CAU","AIAN",65,372,17.47
"CAU","API",32,372,8.6
"CAU","BLCK",10,372,2.69
"CAU","UNK",18,372,4.84
"CAU","WHT",247,372,66.4
"CEB","API",29,29,100
"CHA","AIAN",1,615,0.16
"CHA","API",584,615,94.96
"CHA","BLCK",6,615,0.98
"CHA","HISP",7,615,1.14
"CHA","WHT",17,615,2.76
"CHI","AIAN",1356,1107661,0.12
"CHI","API",1068204,1107661,96.44
"CHI","BLCK",2323,1107661,0.21
"CHI","HISP",30229,1107661,2.73
"CHI","WHT",5549,1107661,0.5
"CHK","AIAN",13,2743,0.47
"CHK","API",2656,2743,96.83
"CHK","BLCK",2,2743,0.07
"CHK","HISP",60,2743,2.19
"CHK","WHT",12,2743,0.44
"CHN","AIAN",1,1,100
"CHO","AIAN",4,4,100
"CHR","BLCK",1,4,25
"CHR","HISP",1,4,25
"CHR","WHT",2,4,50
"CHU","AIAN",1,4,25
"CHU","API",2,4,50
"CHU","UNK",1,4,25
"COS","BLCK",2,5,40
"COS","HISP",1,5,20
"COS","WHT",2,5,40
"CPE","AIAN",6,119,5.04
"CPE","API",4,119,3.36
"CPE","BLCK",95,119,79.83
"CPE","HISP",1,119,0.84
"CPE","UNK",2,119,1.68
"CPE","WHT",11,119,9.24
"CPF","AIAN",251,6971,3.6
"CPF","API",157,6971,2.25
"CPF","BLCK",6057,6971,86.89
"CPF","HISP",113,6971,1.62
"CPF","UNK",211,6971,3.03
"CPF","WHT",182,6971,2.61
"CPP","AIAN",80,19792,0.4
"CPP","API",134,19792,0.68
"CPP","BLCK",8610,19792,43.5
"CPP","HISP",92,19792,0.46
"CPP","UNK",10766,19792,54.4
"CPP","WHT",110,19792,0.56
"CRE","BLCK",12,14,85.71
"CRE","UNK",1,14,7.14
"CRE","WHT",1,14,7.14
"CRP","AIAN",8,24888,0.03
"CRP","API",50,24888,0.2
"CRP","BLCK",16054,24888,64.5
"CRP","HISP",44,24888,0.18
"CRP","UNK",8683,24888,34.89
"CRP","WHT",49,24888,0.2
"CUS","API",1,13,7.69
"CUS","BLCK",5,13,38.46
"CUS","HISP",3,13,23.08
"CUS","WHT",4,13,30.77
"CZE","AIAN",8,191,4.19
"CZE","API",4,191,2.09
"CZE","BLCK",5,191,2.62
"CZE","HISP",7,191,3.66
"CZE","WHT",167,191,87.43
"DAK","AIAN",715,715,100
"DAN","AIAN",5,87,5.75
"DAN","API",5,87,5.75
"DAN","BLCK",24,87,27.59
"DAN","HISP",2,87,2.3
"DAN","WHT",51,87,58.62
"DAR","AIAN",2,2,100
"DAY","API",1,1,100
"DIN","API",7,121,5.79
"DIN","BLCK",102,121,84.3
"DIN","HISP",9,121,7.44
"DIN","WHT",3,121,2.48
"DIV","API",1,5,20
"DIV","WHT",4,5,80
"DUM","AIAN",3,49,6.12
"DUM","HISP",2,49,4.08
"DUM","WHT",44,49,89.8
"DUT","AIAN",39,632,6.17
"DUT","API",22,632,3.48
"DUT","BLCK",101,632,15.98
"DUT","HISP",19,632,3.01
"DUT","WHT",451,632,71.36
"DZO","AIAN",3,584,0.51
"DZO","API",503,584,86.13
"DZO","BLCK",29,584,4.97
"DZO","HISP",10,584,1.71
"DZO","WHT",39,584,6.68
"EGY","AIAN",8,62,12.9
"EGY","API",2,62,3.23
"EGY","BLCK",10,62,16.13
"EGY","HISP",2,62,3.23
"EGY","UNK",8,62,12.9
"EGY","WHT",32,62,51.61
"EKA","API",6,180,3.33
"EKA","BLCK",46,180,25.56
"EKA","HISP",52,180,28.89
"EKA","WHT",76,180,42.22
"ELX","BLCK",3,16,18.75
"ELX","UNK",1,16,6.25
"ELX","WHT",12,16,75
"ENM","BLCK",1,1,100
"EPO","AIAN",4,491,0.81
"EPO","API",1,491,0.2
"EPO","BLCK",41,491,8.35
"EPO","HISP",53,491,10.79
"EPO","UNK",303,491,61.71
"EPO","WHT",89,491,18.13
"EST","AIAN",52,285,18.25
"EST","API",17,285,5.96
"EST","BLCK",64,285,22.46
"EST","HISP",2,285,0.7
"EST","WHT",150,285,52.63
"EWE","BLCK",76,88,86.36
"EWE","HISP",4,88,4.55
"EWE","WHT",8,88,9.09
"FAO","AIAN",7,71,9.86
"FAO","API",5,71,7.04
"FAO","HISP",1,71,1.41
"FAO","WHT",58,71,81.69
"FIJ","API",14,15,93.33
"FIJ","HISP",1,15,6.67
"FIL","AIAN",23,1363,1.69
"FIL","API",1288,1363,94.5
"FIL","BLCK",2,1363,0.15
"FIL","HISP",25,1363,1.83
"FIL","WHT",25,1363,1.83
"FIN","AIAN",1,97,1.03
"FIN","API",7,97,7.22
"FIN","BLCK",25,97,25.77
"FIN","HISP",8,97,8.25
"FIN","WHT",56,97,57.73
"FIU","WHT",1,1,100
"FON","BLCK",2,2,100
"FRE","AIAN",526,53975,0.97
"FRE","API",553,53975,1.02
"FRE","BLCK",36518,53975,67.66
"FRE","HISP",632,53975,1.17
"FRE","UNK",11046,53975,20.47
"FRE","WHT",4700,53975,8.71
"FRS","WHT",18,18,100
"FUL","API",3,481,0.62
"FUL","BLCK",474,481,98.54
"FUL","WHT",4,481,0.83
"FUR","BLCK",10,60,16.67
"FUR","HISP",13,60,21.67
"FUR","WHT",37,60,61.67
"GAA","BLCK",1,1,100
"GEM","API",2,2,100
"GEO","AIAN",1,71,1.41
"GEO","BLCK",1,71,1.41
"GEO","WHT",69,71,97.18
"GER","AIAN",62,1806,3.43
"GER","API",120,1806,6.64
"GER","BLCK",126,1806,6.98
"GER","HISP",59,1806,3.27
"GER","WHT",1439,1806,79.68
"GLA","BLCK",1,6,16.67
"GLA","WHT",5,6,83.33
"GLE","UNK",2,2,100
"GMH","WHT",1,1,100
"GRB","BLCK",8,8,100
"GRC","AIAN",40,42839,0.09
"GRC","API",16303,42839,38.06
"GRC","BLCK",41,42839,0.1
"GRC","HISP",21838,42839,50.98
"GRC","WHT",4617,42839,10.78
"GRE","AIAN",233,6672,3.49
"GRE","API",57,6672,0.85
"GRE","BLCK",51,6672,0.76
"GRE","HISP",138,6672,2.07
"GRE","WHT",6193,6672,92.82
"GRN","AIAN",8,8,100
"GSW","WHT",1,1,100
"GUJ","AIAN",676,8963,7.54
"GUJ","API",7877,8963,87.88
"GUJ","BLCK",51,8963,0.57
"GUJ","HISP",50,8963,0.56
"GUJ","WHT",309,8963,3.45
"HAI","AIAN",2753,2753,100
"HAT","AIAN",85,80153,0.11
"HAT","API",242,80153,0.3
"HAT","BLCK",77544,80153,96.74
"HAT","HISP",1909,80153,2.38
"HAT","WHT",373,80153,0.47
"HAU","BLCK",23,23,100
"HAW","AIAN",1,174,0.57
"HAW","API",158,174,90.8
"HAW","BLCK",7,174,4.02
"HAW","HISP",4,174,2.3
"HAW","WHT",4,174,2.3
"HEB","AIAN",204,2874,7.1
"HEB","API",225,2874,7.83
"HEB","BLCK",68,2874,2.37
"HEB","HISP",211,2874,7.34
"HEB","WHT",2166,2874,75.37
"HIL","API",3,4,75
"HIL","HISP",1,4,25
"HIN","AIAN",2003,18867,10.62
"HIN","API",15516,18867,82.24
"HIN","BLCK",231,18867,1.22
"HIN","HISP",213,18867,1.13
"HIN","WHT",904,18867,4.79
"HMN","AIAN",119,106675,0.11
"HMN","API",102472,106675,96.06
"HMN","BLCK",614,106675,0.58
"HMN","HISP",2618,106675,2.45
"HMN","WHT",852,106675,0.8
"HMO","API",42,43,97.67
"HMO","WHT",1,43,2.33
"HRV","AIAN",8,666,1.2
"HRV","API",15,666,2.25
"HRV","BLCK",30,666,4.5
"HRV","HISP",11,666,1.65
"HRV","WHT",602,666,90.39
"HUN","AIAN",42,780,5.38
"HUN","API",8,780,1.03
"HUN","BLCK",4,780,0.51
"HUN","HISP",5,780,0.64
"HUN","WHT",721,780,92.44
"IBO","AIAN",4,117,3.42
"IBO","API",2,117,1.71
"IBO","BLCK",110,117,94.02
"IBO","WHT",1,117,0.85
"ICE","WHT",3,3,100
"IDO","API",19,26,73.08
"IDO","BLCK",1,26,3.85
"IDO","UNK",6,26,23.08
"IKU","AIAN",16,16,100
"ILO","AIAN",1,11620,0.01
"ILO","API",11435,11620,98.41
"ILO","BLCK",4,11620,0.03
"ILO","HISP",142,11620,1.22
"ILO","WHT",38,11620,0.33
"INC","AIAN",29,138,21.01
"INC","API",58,138,42.03
"INC","BLCK",1,138,0.72
"INC","UNK",26,138,18.84
"INC","WHT",24,138,17.39
"IND","AIAN",87,670,12.99
"IND","API",499,670,74.48
"IND","BLCK",12,670,1.79
"IND","HISP",14,670,2.09
"IND","WHT",58,670,8.66
"INE","AIAN",8,60,13.33
"INE","API",22,60,36.67
"INE","BLCK",1,60,1.67
"INE","UNK",1,60,1.67
"INE","WHT",28,60,46.67
"IPK","AIAN",65,65,100
"IRA","AIAN",2,2092,0.1
"IRA","API",286,2092,13.67
"IRA","BLCK",22,2092,1.05
"IRA","HISP",15,2092,0.72
"IRA","UNK",768,2092,36.71
"IRA","WHT",999,2092,47.75
"ITA","AIAN",546,12649,4.32
"ITA","API",198,12649,1.57
"ITA","BLCK",626,12649,4.95
"ITA","HISP",261,12649,2.06
"ITA","WHT",11018,12649,87.11
"JPN","AIAN",110,7324,1.5
"JPN","API",6775,7324,92.5
"JPN","BLCK",77,7324,1.05
"JPN","HISP",173,7324,2.36
"JPN","WHT",189,7324,2.58
"KAC","API",5,5,100
"KAL","BLCK",3,4,75
"KAL","WHT",1,4,25
"KAN","AIAN",12,75,16
"KAN","API",61,75,81.33
"KAN","BLCK",2,75,2.67
"KAR","AIAN",76,19749,0.38
"KAR","API",19357,19749,98.02
"KAR","BLCK",30,19749,0.15
"KAR","HISP",205,19749,1.04
"KAR","WHT",81,19749,0.41
"KAS","UNK",2,2,100
"KAU","API",17,28,60.71
"KAU","BLCK",9,28,32.14
"KAU","HISP",1,28,3.57
"KAU","WHT",1,28,3.57
"KHM","AIAN",21,7394,0.28
"KHM","API",6953,7394,94.04
"KHM","BLCK",74,7394,1
"KHM","HISP",210,7394,2.84
"KHM","WHT",136,7394,1.84
"KHO","API",1,1,100
"KIK","BLCK",10,10,100
"KIN","AIAN",7,548,1.28
"KIN","BLCK",541,548,98.72
"KIR","BLCK",1,3,33.33
"KIR","UNK",2,3,66.67
"KOK","BLCK",1,4,25
"KOK","UNK",3,4,75
"KOR","AIAN",637,205041,0.31
"KOR","API",201919,205041,98.48
"KOR","BLCK",196,205041,0.1
"KOR","HISP",1081,205041,0.53
"KOR","WHT",1208,205041,0.59
"KOS","API",77,84,91.67
"KOS","HISP",7,84,8.33
"KPE","BLCK",15,15,100
"KRO","AIAN",1,6,16.67
"KRO","BLCK",3,6,50
"KRO","WHT",2,6,33.33
"KRU","BLCK",9,9,100
"KUA","BLCK",5,5,100
"KUR","AIAN",18,834,2.16
"KUR","API",92,834,11.03
"KUR","BLCK",17,834,2.04
"KUR","HISP",13,834,1.56
"KUR","WHT",694,834,83.21
"LAO","AIAN",99,30879,0.32
"LAO","API",28240,30879,91.45
"LAO","BLCK",996,30879,3.23
"LAO","HISP",666,30879,2.16
"LAO","WHT",878,30879,2.84
"LAT","AIAN",4,32,12.5
"LAT","HISP",5,32,15.62
"LAT","WHT",23,32,71.88
"LAV","AIAN",2,21,9.52
"LAV","API",3,21,14.29
"LAV","BLCK",2,21,9.52
"LAV","WHT",14,21,66.67
"LIN","AIAN",4,89,4.49
"LIN","BLCK",75,89,84.27
"LIN","WHT",10,89,11.24
"LIT","AIAN",13,406,3.2
"LIT","API",10,406,2.46
"LIT","BLCK",4,406,0.99
"LIT","HISP",3,406,0.74
"LIT","WHT",376,406,92.61
"LUO","API",1,1,100
"MAC","AIAN",79,792,9.97
"MAC","API",42,792,5.3
"MAC","BLCK",31,792,3.91
"MAC","HISP",152,792,19.19
"MAC","WHT",488,792,61.62
"MAD","AIAN",1,9,11.11
"MAD","API",8,9,88.89
"MAH","AIAN",1,1735,0.06
"MAH","API",1631,1735,94.01
"MAH","BLCK",39,1735,2.25
"MAH","HISP",50,1735,2.88
"MAH","WHT",14,1735,0.81
"MAL","AIAN",79,548,14.42
"MAL","API",418,548,76.28
"MAL","BLCK",13,548,2.37
"MAL","HISP",8,548,1.46
"MAL","WHT",30,548,5.47
"MAN","AIAN",9,1978,0.46
"MAN","API",1438,1978,72.7
"MAN","BLCK",514,1978,25.99
"MAN","WHT",17,1978,0.86
"MAO","API",2,9,22.22
"MAO","BLCK",4,9,44.44
"MAO","WHT",3,9,33.33
"MAP","API",87,178,48.88
"MAP","HISP",27,178,15.17
"MAP","UNK",62,178,34.83
"MAP","WHT",2,178,1.12
"MAR","AIAN",48,455,10.55
"MAR","API",392,455,86.15
"MAR","BLCK",3,455,0.66
"MAR","WHT",12,455,2.64
"MAY","AIAN",2,101,1.98
"MAY","API",78,101,77.23
"MAY","HISP",20,101,19.8
"MAY","WHT",1,101,0.99
"MDR","AIAN",16,202358,0.01
"MDR","API",201396,202358,99.52
"MDR","BLCK",46,202358,0.02
"MDR","HISP",412,202358,0.2
"MDR","WHT",488,202358,0.24
"MEN","AIAN",1,2,50
"MEN","BLCK",1,2,50
"MIC","AIAN",153,153,100
"MKH","AIAN",16,1793,0.89
"MKH","API",1731,1793,96.54
"MKH","BLCK",7,1793,0.39
"MKH","HISP",3,1793,0.17
"MKH","WHT",36,1793,2.01
"MLG","AIAN",1,8,12.5
"MLG","BLCK",5,8,62.5
"MLG","WHT",2,8,25
"MLT","API",39,111,35.14
"MLT","HISP",2,111,1.8
"MLT","WHT",70,111,63.06
"MON","AIAN",4,138,2.9
"MON","API",125,138,90.58
"MON","WHT",9,138,6.52
"MUL","AIAN",6,37,16.22
"MUL","API",3,37,8.11
"MUL","BLCK",1,37,2.7
"MUL","HISP",14,37,37.84
"MUL","UNK",12,37,32.43
"MUL","WHT",1,37,2.7
"MUS","API",2,2,100
"MYN","API",2,59,3.39
"MYN","BLCK",16,59,27.12
"MYN","HISP",14,59,23.73
"MYN","UNK",27,59,45.76
"NAI","AIAN",11857,11857,100
"NAP","API",2,28,7.14
"NAP","BLCK",5,28,17.86
"NAP","WHT",21,28,75
"NAU","AIAN",7,51,13.73
"NAU","API",12,51,23.53
"NAU","BLCK",22,51,43.14
"NAU","WHT",10,51,19.61
"NAV","AIAN",1375,1375,100
"NDE","WHT",1,1,100
"NEP","AIAN",469,28998,1.62
"NEP","API",26540,28998,91.52
"NEP","BLCK",546,28998,1.88
"NEP","HISP",291,28998,1
"NEP","WHT",1152,28998,3.97
"NEW","API",40,40,100
"NNO","UNK",7,7,100
"NOB","WHT",1,1,100
"NOR","AIAN",31,274,11.31
"NOR","API",23,274,8.39
"NOR","BLCK",37,274,13.5
"NOR","HISP",4,274,1.46
"NOR","WHT",179,274,65.33
"OJI","UNK",3,3,100
"ORI","API",2,6,33.33
"ORI","BLCK",4,6,66.67
"ORM","AIAN",53,8042,0.66
"ORM","API",24,8042,0.3
"ORM","BLCK",7841,8042,97.5
"ORM","HISP",93,8042,1.16
"ORM","WHT",31,8042,0.39
"PAG","AIAN",1,2,50
"PAG","API",1,2,50
"PAL","AIAN",3,3,100
"PAM","API",2,4,50
"PAM","WHT",2,4,50
"PAN","AIAN",500,7089,7.05
"PAN","API",6024,7089,84.98
"PAN","BLCK",68,7089,0.96
"PAN","HISP",178,7089,2.51
"PAN","WHT",319,7089,4.5
"PAU","API",6,7,85.71
"PAU","BLCK",1,7,14.29
"PEO","HISP",1,849,0.12
"PEO","WHT",848,849,99.88
"PER","AIAN",287,96969,0.3
"PER","API",8385,96969,8.65
"PER","BLCK",288,96969,0.3
"PER","HISP",579,96969,0.6
"PER","WHT",87430,96969,90.16
"PHI","AIAN",5,24,20.83
"PHI","API",15,24,62.5
"PHI","UNK",1,24,4.17
"PHI","WHT",3,24,12.5
"PLI","API",3,5,60
"PLI","UNK",2,5,40
"POL","AIAN",656,23868,2.75
"POL","API",203,23868,0.85
"POL","BLCK",175,23868,0.73
"POL","HISP",310,23868,1.3
"POL","WHT",22524,23868,94.37
"PON","API",88,94,93.62
"PON","HISP",6,94,6.38
"POR","AIAN",8423,79427,10.6
"POR","API",1345,79427,1.69
"POR","BLCK",3470,79427,4.37
"POR","HISP",4599,79427,5.79
"POR","UNK",43238,79427,54.44
"POR","WHT",18352,79427,23.11
"PRO","API",4,52,7.69
"PRO","BLCK",2,52,3.85
"PRO","HISP",24,52,46.15
"PRO","WHT",22,52,42.31
"PUS","AIAN",35,1974,1.77
"PUS","API",545,1974,27.61
"PUS","BLCK",32,1974,1.62
"PUS","HISP",69,1974,3.5
"PUS","UNK",799,1974,40.48
"PUS","WHT",494,1974,25.03
"QUE","AIAN",27,27,100
"RAJ","API",1,2,50
"RAJ","WHT",1,2,50
"ROH","BLCK",1,2,50
"ROH","WHT",1,2,50
"ROM","AIAN",4,147,2.72
"ROM","API",1,147,0.68
"ROM","BLCK",6,147,4.08
"ROM","HISP",7,147,4.76
"ROM","WHT",129,147,87.76
"RUM","AIAN",777,4199,18.5
"RUM","API",30,4199,0.71
"RUM","BLCK",17,4199,0.4
"RUM","HISP",143,4199,3.41
"RUM","WHT",3232,4199,76.97
"RUN","AIAN",5,1820,0.27
"RUN","API",11,1820,0.6
"RUN","BLCK",1799,1820,98.85
"RUN","HISP",3,1820,0.16
"RUN","WHT",2,1820,0.11
"RUS","AIAN",966,297931,0.32
"RUS","API",15905,297931,5.34
"RUS","BLCK",1315,297931,0.44
"RUS","HISP",5624,297931,1.89
"RUS","WHT",274121,297931,92.01
"SAG","AIAN",2,30,6.67
"SAG","BLCK",28,30,93.33
"SAL","AIAN",3,3,100
"SAM","AIAN",5,105,4.76
"SAM","API",2,105,1.9
"SAM","BLCK",94,105,89.52
"SAM","UNK",4,105,3.81
"SAN","AIAN",1,51,1.96
"SAN","API",9,51,17.65
"SAN","BLCK",26,51,50.98
"SAN","HISP",14,51,27.45
"SAN","WHT",1,51,1.96
"SCO","AIAN",1,1,100
"SEL","AIAN",2,2,100
"SGN","AIAN",289,9694,2.98
"SGN","API",824,9694,8.5
"SGN","BLCK",1258,9694,12.98
"SGN","HISP",915,9694,9.44
"SGN","UNK",1200,9694,12.38
"SGN","WHT",5208,9694,53.72
"SHN","HISP",1,1,100
"SID","BLCK",3,26,11.54
"SID","HISP",1,26,3.85
"SID","UNK",22,26,84.62
"SIN","AIAN",6,42,14.29
"SIN","API",22,42,52.38
"SIN","BLCK",4,42,9.52
"SIN","HISP",4,42,9.52
"SIN","WHT",6,42,14.29
"SIO","AIAN",65,65,100
"SIT","AIAN",2,355,0.56
"SIT","API",333,355,93.8
"SIT","BLCK",2,355,0.56
"SIT","HISP",2,355,0.56
"SIT","WHT",16,355,4.51
"SLA","AIAN",11,2591,0.42
"SLA","API",18,2591,0.69
"SLA","BLCK",46,2591,1.78
"SLA","HISP",4,2591,0.15
"SLA","WHT",2512,2591,96.95
"SLO","AIAN",44,298,14.77
"SLO","API",3,298,1.01
"SLO","BLCK",5,298,1.68
"SLO","HISP",3,298,1.01
"SLO","WHT",243,298,81.54
"SLV","AIAN",1,42,2.38
"SLV","BLCK",6,42,14.29
"SLV","HISP",5,42,11.9
"SLV","WHT",30,42,71.43
"SME","BLCK",1,1,100
"SMI","BLCK",4,4,100
"SMO","AIAN",24,6714,0.36
"SMO","API",5231,6714,77.91
"SMO","BLCK",107,6714,1.59
"SMO","HISP",1070,6714,15.94
"SMO","WHT",282,6714,4.2
"SNA","API",1,5,20
"SNA","BLCK",1,5,20
"SNA","HISP",2,5,40
"SNA","WHT",1,5,20
"SND","API",1,2,50
"SND","WHT",1,2,50
"SNK","BLCK",8,8,100
"SOM","AIAN",995,132144,0.75
"SOM","API",439,132144,0.33
"SOM","BLCK",128731,132144,97.42
"SOM","HISP",1391,132144,1.05
"SOM","WHT",588,132144,0.44
"SPA","HISP",24342067,24342067,100
"SRP","AIAN",17,1164,1.46
"SRP","API",16,1164,1.37
"SRP","BLCK",22,1164,1.89
"SRP","HISP",65,1164,5.58
"SRP","WHT",1044,1164,89.69
"SSA","API",2,168,1.19
"SSA","BLCK",162,168,96.43
"SSA","HISP",4,168,2.38
"SSW","HISP",1,1,100
"SUN","API",73,264,27.65
"SUN","BLCK",179,264,67.8
"SUN","HISP",9,264,3.41
"SUN","WHT",3,264,1.14
"SWA","AIAN",47,10483,0.45
"SWA","API",70,10483,0.67
"SWA","BLCK",10090,10483,96.25
"SWA","HISP",177,10483,1.69
"SWA","WHT",99,10483,0.94
"SWE","AIAN",9,242,3.72
"SWE","API",7,242,2.89
"SWE","BLCK",3,242,1.24
"SWE","HISP",29,242,11.98
"SWE","WHT",194,242,80.17
"SYR","AIAN",12,115,10.43
"SYR","API",36,115,31.3
"SYR","UNK",10,115,8.7
"SYR","WHT",57,115,49.57
"TAH","API",6,7,85.71
"TAH","BLCK",1,7,14.29
"TAI","API",19,30,63.33
"TAI","BLCK",1,30,3.33
"TAI","HISP",3,30,10
"TAI","WHT",7,30,23.33
"TAM","AIAN",81,726,11.16
"TAM","API",631,726,86.91
"TAM","BLCK",2,726,0.28
"TAM","HISP",4,726,0.55
"TAM","WHT",8,726,1.1
"TEL","AIAN",74,780,9.49
"TEL","API",680,780,87.18
"TEL","BLCK",4,780,0.51
"TEL","WHT",22,780,2.82
"TER","BLCK",1,1,100
"TGK","API",1,15,6.67
"TGK","WHT",14,15,93.33
"TGL","AIAN",387,128934,0.3
"TGL","API",124677,128934,96.7
"TGL","BLCK",193,128934,0.15
"TGL","HISP",2743,128934,2.13
"TGL","WHT",934,128934,0.72
"THA","AIAN",72,8678,0.83
"THA","API",8198,8678,94.47
"THA","BLCK",20,8678,0.23
"THA","HISP",166,8678,1.91
"THA","WHT",222,8678,2.56
"TIB","AIAN",4,369,1.08
"TIB","API",271,369,73.44
"TIB","BLCK",4,369,1.08
"TIB","WHT",90,369,24.39
"TIG","API",10,89,11.24
"TIG","BLCK",75,89,84.27
"TIG","HISP",4,89,4.49
"TIR","AIAN",72,5167,1.39
"TIR","API",27,5167,0.52
"TIR","BLCK",4913,5167,95.08
"TIR","HISP",90,5167,1.74
"TIR","WHT",65,5167,1.26
"TKL","BLCK",1,1,100
"TLI","AIAN",2,2,100
"TOG","API",48,53,90.57
"TOG","HISP",5,53,9.43
"TON","AIAN",2,1094,0.18
"TON","API",1056,1094,96.53
"TON","HISP",10,1094,0.91
"TON","WHT",26,1094,2.38
"TSN","BLCK",1,2,50
"TSN","HISP",1,2,50
"TSO","BLCK",4,4,100
"TUK","WHT",7,7,100
"TUR","AIAN",809,5880,13.76
"TUR","API",281,5880,4.78
"TUR","BLCK",97,5880,1.65
"TUR","HISP",50,5880,0.85
"TUR","WHT",4643,5880,78.96
"TWI","AIAN",6,172,3.49
"TWI","API",6,172,3.49
"TWI","BLCK",153,172,88.95
"TWI","HISP",1,172,0.58
"TWI","WHT",6,172,3.49
"UDM","UNK",6,10,60
"UDM","WHT",4,10,40
"UIG","API",4,27,14.81
"UIG","BLCK",1,27,3.7
"UIG","WHT",22,27,81.48
"UKR","AIAN",143,10032,1.43
"UKR","API",51,10032,0.51
"UKR","BLCK",23,10032,0.23
"UKR","HISP",120,10032,1.2
"UKR","WHT",9695,10032,96.64
"URD","AIAN",1306,3731,35
"URD","API",1974,3731,52.91
"URD","BLCK",27,3731,0.72
"URD","UNK",164,3731,4.4
"URD","WHT",260,3731,6.97
"UZB","AIAN",2,770,0.26
"UZB","API",303,770,39.35
"UZB","BLCK",2,770,0.26
"UZB","HISP",4,770,0.52
"UZB","WHT",459,770,59.61
"VAI","UNK",1,1,100
"VIE","AIAN",1088,626148,0.17
"VIE","API",617903,626148,98.68
"VIE","BLCK",407,626148,0.07
"VIE","HISP",3541,626148,0.57
"VIE","WHT",3209,626148,0.51
"VOL","UNK",2,2,100
"WAK","WHT",1,1,100
"WEL","HISP",1,7,14.29
"WEL","WHT",6,7,85.71
"WEN","WHT",3,3,100
"WLN","AIAN",4,14,28.57
"WLN","API",1,14,7.14
"WLN","BLCK",4,14,28.57
"WLN","UNK",1,14,7.14
"WLN","WHT",4,14,28.57
"WOL","AIAN",4,126,3.17
"WOL","BLCK",117,126,92.86
"WOL","HISP",3,126,2.38
"WOL","WHT",2,126,1.59
"YAP","API",5,5,100
"YID","AIAN",40,2205,1.81
"YID","API",88,2205,3.99
"YID","BLCK",176,2205,7.98
"YID","HISP",197,2205,8.93
"YID","WHT",1704,2205,77.28
"YOR","AIAN",13,303,4.29
"YOR","API",6,303,1.98
"YOR","BLCK",265,303,87.46
"YOR","WHT",19,303,6.27
"YPK","AIAN",359,359,100
"ZND","BLCK",67,67,100
"ZUL","API",1,3,33.33
"ZUL","BLCK",2,3,66.67
"ZUN","AIAN",232,232,100
